customer_id,name,email,signup_date,location
1,Allison Hill,donaldgarcia@example.net,2025-10-06,New Roberttown
2,David Guzman,jennifermiles@example.com,2024-05-03,Lawrencetown
3,Caitlin Henderson,eric51@example.org,2024-09-04,West Melanieview
4,Monica Herrera,smiller@example.net,2025-03-08,Barbaraland
5,Darren Roberts,wyattmichelle@example.com,2024-06-16,Reidstad
6,Henry Santiago,lynchgeorge@example.net,2024-05-22,South Noah
7,Margaret Hawkins DDS,perezantonio@example.com,2024-09-20,Carlshire
8,Emily Rios,pwilkerson@example.com,2024-03-03,Donaldside
9,Nicole Patterson,icox@example.net,2024-12-01,Port Brandonville
10,Christopher Becker,cruzcaitlin@example.com,2024-12-28,Tashatown
11,Ashley Dyer,kayla51@example.com,2024-10-16,South Aaron
12,Michelle Stanton,williamrodriguez@example.net,2024-07-02,East Nathaniel
13,Troy Nielsen,georgetracy@example.org,2025-11-04,Natashaport
14,David Bradley,millertodd@example.org,2025-06-26,East Donna
15,Carmen Rose,ibrandt@example.net,2025-05-02,Lake Larry
16,Marie Kim DDS,wrightcaleb@example.org,2025-02-12,New Jeffrey
17,Mark Perez,heathchad@example.org,2024-06-17,Lewisberg
18,Sonya Johnston,kristenaguirre@example.org,2024-01-26,Lake Ryanchester
19,Scott Brown,brownjessica@example.org,2024-05-25,East Amanda
20,Clifford Ford,ramosmichelle@example.net,2024-01-29,Lake Yvettetown
21,Tammy Allison,richardolson@example.com,2025-10-14,East Nicholasfurt
22,Richard Gibson,uhorton@example.net,2025-04-11,Mooreport
23,Anthony Fitzgerald,adkinsbrian@example.net,2024-11-18,North Susan
24,Cody Larson,richarddavid@example.net,2024-05-23,New Christophershire
25,Emily Green,john62@example.net,2025-03-29,Stephenland
26,Marc Hart,jonesjason@example.com,2024-02-24,Nicolebury
27,Christopher Bass,cheryl80@example.net,2025-08-09,Sarahville
28,Brandy Wilson,newtoneric@example.com,2025-02-25,Lake Matthew
29,Sarah Wagner,rebecca01@example.net,2024-10-08,Bradleymouth
30,Mandy Green,barnold@example.net,2023-11-21,North Sierraberg
31,Sandra Aguilar,russellwilliams@example.com,2025-10-12,West Jasonbury
32,Heather Castro,vdickson@example.org,2025-11-02,Port Francisco
33,Cassandra Gutierrez,jillcook@example.com,2025-07-29,West Erik
34,Janet Williams,dwalker@example.com,2024-07-08,East Andrew
35,Garrett Lin,michael86@example.net,2025-08-30,Sheilaville
36,Debbie Carpenter,benjamin96@example.com,2025-06-01,Samuelhaven
37,Steven Lee,fletcheraaron@example.net,2025-04-30,West Ryan
38,Tammie Hanson,cortezkevin@example.com,2025-04-14,Nguyenport
39,Cheryl Ortega,lbyrd@example.net,2025-01-29,Richardtown
40,Daniel Floyd,steven73@example.net,2024-11-15,Lake Christopher
41,Mackenzie Rogers,emilywalker@example.org,2024-03-07,North Johnfort
42,Patricia Gibson,jennifercruz@example.com,2024-05-21,Lake Grace
43,Shannon Mcclure,zrobinson@example.net,2024-12-20,Williamsbury
44,Barbara Anderson,jcontreras@example.net,2024-07-17,Salazarhaven
45,Terry Griffin,juliawells@example.com,2025-06-19,Port Dana
46,Kelly Sims,scott43@example.com,2024-07-31,Patricialand
47,David Benson,calebrussell@example.net,2024-11-09,Brownchester
48,Randy Shah,gateskathy@example.com,2024-11-18,West Kennethfurt
49,Tiffany Barnes,tracynelson@example.com,2023-12-06,Rogersfurt
50,Sara Calhoun,meadowsbrittany@example.net,2023-12-05,Lake Roymouth
51,David Murphy,wmurphy@example.com,2024-06-17,Kingland
52,Paul Williams,jeffrey10@example.org,2024-05-24,Port Andrew
53,Cameron Caldwell,stevenscott@example.com,2024-03-23,Port Loriport
54,Alexander Collins,tsanders@example.org,2024-01-12,North Heidi
55,Michael Trujillo,reedross@example.com,2024-01-06,Alexanderchester
56,Ashley Yu,bzimmerman@example.org,2025-06-05,Christinaside
57,Julie Petersen,marcus31@example.com,2025-09-28,Sanchezmouth
58,Mary Rogers,lrosales@example.com,2024-04-26,Laurenmouth
59,Kyle Beard,blackjames@example.org,2025-05-26,Freemanbury
60,Maria Henry,davisjeffrey@example.net,2024-05-20,Elizabethstad
61,Joseph Coleman,michael74@example.com,2024-05-27,North Jennifer
62,Patrick Tapia,jamesrodgers@example.com,2025-05-29,Tinaborough
63,Isaac Turner,joshuamccann@example.net,2024-06-27,Lake Miranda
64,Shane Andrews MD,dpeterson@example.com,2025-09-13,Wilsonland
65,Benjamin Soto,hernandezlisa@example.com,2024-01-19,North Angela
66,Kyle Montgomery,chayes@example.com,2025-09-12,Torreston
67,Natalie Meza,colleenbaker@example.org,2024-03-14,East Andrea
68,Jason Norris,ocarter@example.com,2025-05-16,Jacquelinemouth
69,David Baker,ronaldstephens@example.net,2024-03-08,Margaretland
70,Ricky Larson,scott74@example.net,2024-09-21,Vincentfort
71,Kyle Preston,cassandra01@example.org,2025-04-20,Port Emilyview
72,Pamela Thompson,lmoon@example.net,2024-10-17,Costafort
73,Gary Santiago,marksteele@example.com,2025-04-11,Cervantesside
74,Brandon King,cordovarichard@example.net,2025-08-15,Lake Mollymouth
75,Cody Cox,wgarrett@example.org,2024-04-20,Andreaport
76,Michael Martinez,jennifercollins@example.org,2025-01-15,Davisville
77,Bruce Collier,scantu@example.net,2025-05-14,Robertfort
78,Mrs. Kristen Reyes,michellehill@example.com,2024-08-03,Loriport
79,Sara Carpenter,cgrimes@example.net,2024-11-24,Martinside
80,Timothy Kane,ashleyhall@example.com,2023-12-17,Juliefurt
81,Matthew Hoover,tylerjohnson@example.net,2025-02-14,Mollymouth
82,Thomas Smith,robertpena@example.org,2024-01-11,Harringtonview
83,Michael Santos,melissa86@example.com,2025-03-14,Brennanton
84,Cynthia Cohen,wendy16@example.org,2025-06-26,South Garrettport
85,Amber Flynn,michael62@example.org,2024-12-30,Knightburgh
86,Bob Pitts,tyleraguilar@example.org,2024-11-06,Stevetown
87,Julie Roberts,charleslandry@example.net,2024-07-03,Vaughnmouth
88,Christina Cruz,yrodriguez@example.net,2024-08-18,Victoriaport
89,Ronald Foster,knightgina@example.net,2023-12-22,Wallport
90,Crystal Pham,danaoliver@example.net,2025-06-22,Lake Colton
91,Amanda Kramer,rileyjessica@example.org,2025-10-20,Markchester
92,Carlos Ryan,alyssa42@example.com,2025-10-23,Coffeyport
93,Gina Wilson,taylortammy@example.net,2025-05-29,Coffeyside
94,Richard Smith,gibsonemily@example.net,2024-06-04,Carsonstad
95,David Johnson,rose31@example.net,2025-08-14,Blankenshipport
96,Audrey Williams,torrestravis@example.org,2024-05-14,South Shawn
97,Natalie Bautista,umatthews@example.org,2025-10-01,Penafort
98,Teresa Ramirez,jeff73@example.com,2024-01-30,Amystad
99,Donald Donaldson,ndavis@example.net,2025-03-24,North Kristinbury
100,Rachel Harris DVM,brendali@example.org,2024-07-26,Port Rachel
101,Scott Thomas,amberlindsey@example.org,2025-04-10,East Alexisbury
102,Alexis Baker,judyfox@example.net,2024-01-02,Weststad
103,Ashley Gordon,acostaregina@example.net,2024-12-23,Stephentown
104,John Morales,henryrenee@example.org,2025-10-12,West Charleneland
105,Marcus Richards,oscar98@example.com,2024-10-31,Garciaville
106,Marilyn Mack,russellbeasley@example.com,2024-08-03,Rossville
107,Erik Scott,gloriawells@example.org,2025-08-21,North Ryanstad
108,Kristie Willis,elizabeth65@example.net,2025-06-18,Parrishton
109,Lindsay Bell,ericolson@example.org,2024-08-11,Dannyview
110,Renee Bruce,lynchdiane@example.net,2024-06-08,East Joshuaport
111,Heather White,ashleymorales@example.org,2025-06-11,North Julieborough
112,Jesse Moore,jennifer99@example.org,2025-09-30,East Ericton
113,Denise Stanley,alawson@example.com,2024-04-29,West Russellport
114,Leslie Rose,brandon69@example.org,2023-11-19,West Sierra
115,Pamela Roberts,smithjulie@example.org,2024-02-22,Patelbury
116,Sandra Drake,sandersjudy@example.com,2023-11-28,Morsemouth
117,Laura Mckinney,zroberts@example.org,2024-07-23,Port Stacey
118,Michael Cox,prichard@example.com,2025-02-13,Warrenfurt
119,Nichole Walker,charlesschultz@example.net,2024-12-14,Port Michael
120,Sabrina Briggs,curtisscott@example.org,2025-02-23,Port Katherine
121,Trevor Burton,wwebster@example.net,2024-10-27,Michellemouth
122,Barry Ramos,laura90@example.com,2024-12-12,West Steventon
123,Ronald Jones,gilbertwilliam@example.com,2025-02-06,South Reginashire
124,Erica Alvarez,susanhayes@example.com,2025-05-21,New Debbieton
125,Jeffrey Gonzales,michaelhardin@example.com,2024-09-26,Erikaton
126,Maria Jones,grantpaul@example.com,2025-05-29,West Christopher
127,Sydney Collins,tanderson@example.org,2024-07-11,Schneidermouth
128,Meagan Calderon,lucasrodney@example.com,2023-11-28,Kyleborough
129,Ralph Lee,ericphillips@example.org,2024-12-12,Lake Matthewberg
130,Brittany White,jenniferwilliams@example.com,2025-04-22,South Cheryl
131,Rachel Young,kylestokes@example.com,2025-10-16,West Erika
132,Jessica Hammond,ashaw@example.org,2025-08-09,Port Cassandra
133,Amy Castillo,angela18@example.org,2024-06-22,Port Ethanmouth
134,Brittany Kim,lisawilkerson@example.org,2024-10-01,South Waynebury
135,Brad Walker,sarah52@example.org,2023-12-13,Samanthafort
136,Brenda Thornton,fgilbert@example.org,2024-05-30,Port Edward
137,Lisa Henderson,john10@example.org,2024-10-05,Brownfort
138,Alexis Robertson,jennifercarter@example.org,2025-03-05,Johnchester
139,Michael Mills,carlos88@example.net,2025-07-16,South Morganton
140,Veronica King,kellycarlos@example.org,2025-06-05,Port Bonniemouth
141,Harold Morgan,mariacohen@example.net,2024-11-19,Port Dennis
142,Terri Johnson,bradleygonzalez@example.org,2024-07-16,Zacharyside
143,Andrew Lucas,michael05@example.com,2024-02-18,Samuelfurt
144,Stephanie Hughes,tylerjimenez@example.net,2024-06-08,Lake Rogerchester
145,Samantha Gardner,curtis54@example.com,2024-10-25,Jacksonmouth
146,Andrew Berg,christina64@example.net,2025-07-20,North Emilyfurt
147,Robert Shelton,thomascathy@example.com,2023-12-11,North Joel
148,Heidi Herring,jacobserika@example.com,2024-08-28,Hinesshire
149,Jacob Edwards,john10@example.net,2024-04-06,Holmesside
150,Reginald Padilla,wendymitchell@example.com,2024-04-17,East Melissamouth
151,Micheal Osborn,elizabeth18@example.net,2024-06-26,Melissaburgh
152,Katie Martinez,laurayoung@example.com,2023-12-04,Angelastad
153,William Anderson,jonesraymond@example.net,2025-05-25,Foxchester
154,Angela Compton,coleerin@example.com,2024-02-21,Port Tammy
155,Thomas Brown,holmeskevin@example.org,2024-07-21,West Stacey
156,Diane Miller,cynthiapierce@example.org,2025-03-13,Christinaland
157,Caroline David,georgeweber@example.net,2024-08-02,Port Michelleland
158,Martin Ray,katiebutler@example.net,2023-12-07,Smallside
159,Tyler Webb,eevans@example.net,2023-12-30,South Robert
160,Gerald Thomas,jessica56@example.org,2025-06-26,Zacharyville
161,John Adams,donaldwilliams@example.com,2025-09-15,Wrightburgh
162,Taylor Griffith,kathrynjimenez@example.net,2024-11-10,Kochfort
163,Tony Wagner,jasongomez@example.org,2024-06-19,Harperfort
164,Adam Rodriguez,nicoleluna@example.com,2024-08-24,South Brettside
165,Juan Jones,rduran@example.net,2025-04-25,East Theresafurt
166,William Grant,kari39@example.net,2024-09-20,North Benjaminmouth
167,Kelly Hernandez,markaustin@example.org,2024-09-14,Brittneyhaven
168,Kim Erickson,thomas05@example.com,2025-04-20,South Brandytown
169,Deborah Rios,jennifersilva@example.org,2024-12-25,Hernandezbury
170,Travis Rodriguez,alexanderrobert@example.com,2025-05-03,South Warren
171,Kaitlyn Charles,thorntonapril@example.net,2024-07-23,Foxmouth
172,Julia Patel,erica49@example.com,2024-04-11,West Angela
173,William Evans,janet75@example.com,2024-08-10,Keithshire
174,Jamie Baird,stephanie24@example.org,2024-06-24,West Sandraview
175,Cindy Clayton,sarah42@example.org,2025-03-06,East Brent
176,Courtney Hall,gutierrezjennifer@example.org,2025-04-26,North Tamara
177,Brooke Delgado,mwoods@example.com,2024-07-20,Debbieland
178,Crystal Rodgers,gentrygregory@example.org,2025-10-28,Port Randyfort
179,Paul Brennan,nancy04@example.net,2025-02-24,West Justinside
180,Stacy Anderson,znelson@example.org,2024-07-27,Lake Stephen
181,Cody Doyle,ashley32@example.net,2025-09-08,Wilcoxhaven
182,James Davis,thomasboyle@example.org,2024-06-03,Youngview
183,Elizabeth Sharp,greenmichael@example.org,2024-01-01,South Kurtfurt
184,Tammy Barron,hannah45@example.net,2024-05-03,East Timothy
185,William Brooks,ztodd@example.net,2025-08-16,Port John
186,Shelley Miller,xrice@example.org,2025-10-26,North Mariahaven
187,Joshua Martin,nwilson@example.net,2025-02-08,Davishaven
188,Anthony Anderson,dbryant@example.net,2024-11-07,Jenniferfurt
189,Aaron Robinson,williamsmelvin@example.org,2025-01-07,North Valeriefort
190,Jason Mack,ybrooks@example.com,2025-09-19,Bennettside
191,Scott Wilson,urice@example.org,2025-08-23,Port Andrewport
192,Nathan Coleman,pmorrow@example.com,2024-08-08,West Jacob
193,Pamela Johnson,bmendez@example.org,2024-04-22,North Brittneymouth
194,Michele Williams,moralesjimmy@example.org,2025-06-21,East Williamport
195,Thomas Johnston,joel28@example.org,2024-09-30,Joshuaside
196,Sheryl Buck,dpeters@example.com,2025-03-27,Floydmouth
197,Jennifer Evans,karenwells@example.org,2024-07-04,Port Steven
198,Jason Butler,paulscott@example.com,2025-03-30,South Melanieland
199,Sandra Williams,mnunez@example.org,2025-09-22,East Lindashire
200,Kristin Mendoza,kevin03@example.org,2025-06-11,Lake Yvonnefort
