product_id,name,category,price
1,Fully-configurable tangible portal,Home & Kitchen,17.38
2,Triple-buffered demand-driven infrastructure,Sports & Outdoors,126.22
3,Front-line neutral Graphic Interface,Apparel,369.55
4,Vision-oriented executive implementation,Home & Kitchen,297.29
5,Persistent national projection,Electronics,19.75
6,Multi-channeled fault-tolerant firmware,Health & Beauty,120.17
7,Multi-lateral multimedia methodology,Electronics,282.82
8,Persistent bandwidth-monitored website,Toys & Games,114.12
9,Up-sized methodical task-force,Sports & Outdoors,405.67
10,Intuitive demand-driven hub,Electronics,380.61
11,Intuitive incremental analyzer,Apparel,350.58
12,Re-contextualized directional support,Books,142.55
13,Digitized 3rdgeneration firmware,Health & Beauty,478.82
14,Reactive optimal paradigm,Books,55.59
15,Up-sized intangible frame,Toys & Games,52.87
16,Distributed dedicated groupware,Books,303.84
17,Focused homogeneous open system,Electronics,366.22
18,Fully-configurable modular neural-net,Home & Kitchen,486.69
19,Streamlined systemic Graphical User Interface,Toys & Games,44.01
20,Function-based well-modulated matrix,Sports & Outdoors,415.56
21,Up-sized secondary support,Books,290.79
22,Pre-emptive logistical concept,Home & Kitchen,27.68
23,Upgradable heuristic concept,Health & Beauty,387.67
24,Devolved uniform moratorium,Home & Kitchen,428.38
25,Pre-emptive contextually-based moratorium,Home & Kitchen,193.16
26,Stand-alone analyzing moderator,Automotive,319.66
27,Automated asynchronous secured line,Books,85.51
28,Business-focused well-modulated ability,Books,108.71
29,Open-source client-driven product,Sports & Outdoors,352.40
30,Focused asymmetric strategy,Home & Kitchen,306.52
31,Distributed 24/7 data-warehouse,Apparel,269.40
32,Profit-focused logistical hub,Health & Beauty,85.88
33,Centralized regional productivity,Toys & Games,138.62
34,Synchronized reciprocal matrices,Health & Beauty,343.88
35,Switchable mobile adapter,Electronics,118.38
36,Adaptive national neural-net,Electronics,403.50
37,Open-source 24/7 adapter,Toys & Games,137.53
38,Progressive uniform focus group,Health & Beauty,457.00
39,Public-key executive adapter,Books,110.25
40,Profit-focused tangible service-desk,Automotive,200.84
41,Optional context-sensitive benchmark,Automotive,75.72
42,Cross-platform multi-tasking collaboration,Apparel,127.08
43,Front-line content-based process improvement,Sports & Outdoors,374.77
44,Progressive eco-centric help-desk,Toys & Games,449.42
45,Future-proofed hybrid artificial intelligence,Toys & Games,184.19
46,Multi-layered impactful knowledgebase,Apparel,257.22
47,Re-contextualized dynamic standardization,Home & Kitchen,379.11
48,Face-to-face exuding software,Home & Kitchen,80.66
49,Configurable solution-oriented projection,Apparel,397.08
50,Virtual 5thgeneration array,Toys & Games,300.22
51,Open-architected homogeneous implementation,Toys & Games,193.90
52,Reactive methodical approach,Automotive,266.91
53,Sharable 24/7 standardization,Electronics,341.74
54,Down-sized attitude-oriented methodology,Home & Kitchen,342.45
55,Optional secondary toolset,Sports & Outdoors,385.46
56,Managed non-volatile attitude,Books,60.22
57,Progressive 6thgeneration emulation,Toys & Games,83.29
58,Extended system-worthy open system,Electronics,477.14
59,Phased encompassing analyzer,Sports & Outdoors,486.08
60,Compatible systemic focus group,Apparel,256.30
61,Quality-focused non-volatile protocol,Home & Kitchen,435.91
62,Automated context-sensitive functionalities,Sports & Outdoors,421.63
63,Ameliorated demand-driven parallelism,Health & Beauty,80.66
64,Digitized web-enabled structure,Apparel,271.99
65,Object-based asynchronous framework,Electronics,301.48
66,Diverse non-volatile encoding,Automotive,14.64
67,Re-contextualized human-resource service-desk,Books,439.97
68,Quality-focused full-range info-mediaries,Sports & Outdoors,123.53
69,Versatile user-facing challenge,Health & Beauty,439.61
70,Team-oriented uniform artificial intelligence,Home & Kitchen,47.40
71,Profit-focused value-added hardware,Automotive,408.93
72,Business-focused bandwidth-monitored Internet solution,Apparel,68.55
73,Focused asynchronous Graphical User Interface,Automotive,473.69
74,Robust zero administration pricing structure,Apparel,136.20
75,Right-sized hybrid time-frame,Toys & Games,482.36
76,Inverse 4thgeneration productivity,Health & Beauty,357.91
77,Future-proofed zero tolerance knowledge user,Toys & Games,497.60
78,Pre-emptive discrete help-desk,Books,221.86
79,Reactive homogeneous Internet solution,Automotive,64.90
80,Enterprise-wide systemic paradigm,Health & Beauty,36.69
81,Switchable homogeneous artificial intelligence,Electronics,296.21
82,Visionary regional frame,Health & Beauty,296.28
83,Fully-configurable transitional archive,Electronics,40.14
84,Configurable encompassing collaboration,Electronics,118.33
85,Multi-tiered transitional toolset,Electronics,430.52
86,Sharable coherent support,Home & Kitchen,259.51
87,Networked foreground hierarchy,Sports & Outdoors,336.14
88,Customer-focused background ability,Health & Beauty,271.92
89,Integrated leadingedge hierarchy,Automotive,125.28
90,Virtual encompassing benchmark,Automotive,404.71
91,De-engineered background contingency,Health & Beauty,51.69
92,Optional local open architecture,Toys & Games,180.38
93,Realigned multimedia installation,Toys & Games,236.18
94,Customer-focused 4thgeneration array,Electronics,338.32
95,Multi-channeled neutral array,Home & Kitchen,35.00
96,Right-sized radical toolset,Books,401.29
97,Inverse human-resource access,Home & Kitchen,128.08
98,Implemented incremental info-mediaries,Health & Beauty,270.46
99,Vision-oriented attitude-oriented success,Apparel,213.83
100,Realigned dynamic orchestration,Sports & Outdoors,234.00
101,Programmable composite software,Home & Kitchen,224.35
102,Multi-tiered composite challenge,Home & Kitchen,30.04
103,Future-proofed exuding flexibility,Electronics,484.65
104,Proactive client-server architecture,Health & Beauty,87.32
105,Down-sized intermediate focus group,Automotive,243.27
106,Operative exuding matrices,Toys & Games,451.71
107,Compatible high-level extranet,Apparel,192.59
108,Fully-configurable uniform product,Toys & Games,136.28
109,Proactive radical pricing structure,Automotive,146.20
110,Exclusive logistical benchmark,Automotive,81.62
111,Devolved exuding ability,Sports & Outdoors,112.76
112,Object-based full-range process improvement,Electronics,291.69
113,Multi-tiered full-range intranet,Electronics,375.25
114,Managed intermediate projection,Electronics,29.82
115,Right-sized client-driven framework,Automotive,253.91
116,Inverse real-time solution,Apparel,33.16
117,Exclusive mission-critical functionalities,Home & Kitchen,426.41
118,Enhanced hybrid functionalities,Home & Kitchen,299.54
119,Implemented user-facing solution,Health & Beauty,204.87
120,Sharable mobile orchestration,Health & Beauty,291.56
121,Fully-configurable fresh-thinking implementation,Electronics,311.59
122,Grass-roots zero tolerance infrastructure,Toys & Games,330.40
123,Multi-lateral bifurcated open system,Books,467.68
124,Exclusive optimizing moratorium,Health & Beauty,336.51
125,Enterprise-wide systemic throughput,Books,123.15
126,Reactive 4thgeneration superstructure,Toys & Games,69.78
127,Persistent tertiary database,Sports & Outdoors,231.33
128,Organic explicit solution,Home & Kitchen,9.61
129,Cloned incremental service-desk,Home & Kitchen,41.26
130,Proactive client-driven productivity,Health & Beauty,255.41
131,Innovative disintermediate extranet,Apparel,466.96
132,Switchable coherent structure,Home & Kitchen,440.24
133,Optimized homogeneous archive,Books,146.07
134,Organized radical matrices,Automotive,417.70
135,Reduced impactful monitoring,Sports & Outdoors,307.78
136,Profit-focused system-worthy instruction set,Electronics,335.59
137,Quality-focused 5thgeneration utilization,Sports & Outdoors,466.22
138,Multi-lateral tangible workforce,Home & Kitchen,469.77
139,Public-key radical productivity,Apparel,135.91
140,Configurable bi-directional throughput,Home & Kitchen,372.50
141,Fully-configurable stable secured line,Apparel,139.81
142,Multi-channeled composite project,Health & Beauty,360.22
143,Seamless 6thgeneration open system,Health & Beauty,345.31
144,Stand-alone systematic project,Sports & Outdoors,255.18
145,Open-architected web-enabled groupware,Sports & Outdoors,453.14
146,Optional bi-directional access,Electronics,50.69
147,Cross-platform empowering definition,Toys & Games,415.53
148,Profound value-added model,Electronics,6.76
149,Realigned optimal solution,Apparel,320.37
150,Re-engineered directional knowledge user,Sports & Outdoors,84.98
151,Multi-layered hybrid Local Area Network,Automotive,278.08
152,Visionary systematic parallelism,Toys & Games,282.65
153,Team-oriented motivating collaboration,Home & Kitchen,42.25
154,Monitored 4thgeneration matrices,Apparel,275.07
155,Customer-focused explicit instruction set,Books,293.34
156,Configurable bifurcated superstructure,Apparel,217.74
157,Digitized grid-enabled function,Electronics,157.59
158,Mandatory logistical toolset,Electronics,449.97
159,Expanded multi-state matrices,Health & Beauty,342.62
160,Monitored methodical attitude,Home & Kitchen,180.07
161,Organic uniform standardization,Toys & Games,487.05
162,Organized foreground architecture,Apparel,463.25
163,Innovative 6thgeneration workforce,Health & Beauty,432.98
164,Triple-buffered bifurcated adapter,Apparel,441.30
165,Mandatory secondary benchmark,Electronics,93.78
166,Synergistic composite support,Books,392.28
167,Fully-configurable multi-state conglomeration,Toys & Games,402.11
168,Reactive cohesive groupware,Health & Beauty,137.07
169,Realigned interactive Local Area Network,Home & Kitchen,194.36
170,Focused impactful product,Electronics,430.00
171,Enterprise-wide contextually-based productivity,Health & Beauty,103.79
172,Switchable intermediate infrastructure,Automotive,178.08
173,Assimilated user-facing pricing structure,Health & Beauty,115.35
174,Exclusive local parallelism,Health & Beauty,202.24
175,Optimized human-resource ability,Sports & Outdoors,432.85
176,Triple-buffered didactic database,Sports & Outdoors,178.82
177,Grass-roots web-enabled strategy,Toys & Games,341.36
178,Cloned object-oriented benchmark,Books,469.92
179,Public-key contextually-based hierarchy,Home & Kitchen,439.13
180,Inverse dedicated knowledgebase,Sports & Outdoors,93.39
181,Customizable empowering secured line,Sports & Outdoors,23.94
182,Pre-emptive multi-tasking productivity,Toys & Games,176.12
183,Intuitive radical info-mediaries,Books,221.01
184,Seamless hybrid parallelism,Home & Kitchen,195.67
185,Customizable grid-enabled help-desk,Health & Beauty,131.09
186,Persevering regional conglomeration,Toys & Games,5.84
187,Synergistic tertiary website,Health & Beauty,185.29
188,Innovative reciprocal parallelism,Home & Kitchen,474.69
189,Configurable systematic challenge,Books,313.46
190,Intuitive bottom-line encoding,Home & Kitchen,361.28
191,Integrated bifurcated contingency,Sports & Outdoors,256.03
192,Multi-layered system-worthy circuit,Toys & Games,166.46
193,Profound human-resource instruction set,Sports & Outdoors,279.43
194,Right-sized client-driven orchestration,Health & Beauty,213.12
195,Networked interactive contingency,Toys & Games,340.27
196,Pre-emptive scalable monitoring,Apparel,309.68
197,Team-oriented secondary conglomeration,Sports & Outdoors,206.01
198,Realigned composite matrix,Electronics,155.42
199,Horizontal client-driven contingency,Health & Beauty,217.79
200,Intuitive local process improvement,Books,235.17
